 ,Percentage time in hyperglycemia (CGM > 180 mg/dL),percentage of time in hyperglycemia critical (CGM > 250 mg/dL),percentage time in range (CGM >= 70 mg/dL and CGM <= 180 mg/dL),percentage time in range secondary (CGM >= 70 mg/dL and CGM <= 150 mg/dL),percentage time in hypoglycemia level 1 (CGM < 70 mg/dL),percentage time in hypoglycemia level 2 (CGM < 54 mg/dL),Percentage time in hyperglycemia (CGM > 180 mg/dL),percentage of time in hyperglycemia critical (CGM > 250 mg/dL),percentage time in range (CGM >= 70 mg/dL and CGM <= 180 mg/dL),percentage time in range secondary (CGM >= 70 mg/dL and CGM <= 150 mg/dL),percentage time in hypoglycemia level 1 (CGM < 70 mg/dL),percentage time in hypoglycemia level 2 (CGM < 54 mg/dL),Percentage time in hyperglycemia (CGM > 180 mg/dL),percentage of time in hyperglycemia critical (CGM > 250 mg/dL),percentage time in range (CGM >= 70 mg/dL and CGM <= 180 mg/dL),percentage time in range secondary (CGM >= 70 mg/dL and CGM <= 150 mg/dL),percentage time in hypoglycemia level 1 (CGM < 70 mg/dL),percentage time in hypoglycemia level 2 (CGM < 54 mg/dL)
Manual Mode,4.578993055555555,0.9765625,18.229166666666664,13.563368055555555,0.6293402777777778,0.0,25.086805555555557,10.481770833333332,39.2578125,30.598958333333332,4.578993055555555,1.8012152777777777,29.66579861111111,11.458333333333332,57.486979166666664,44.16232638888889,5.208333333333334,1.8012152777777777
Auto Mode,2.9185956790123457,0.45331790123456794,21.145833333333332,18.306327160493826,0.6693672839506173,0.19675925925925924,20.8641975308642,4.799382716049383,48.95833333333333,36.84606481481482,3.9911265432098766,1.3695987654320987,23.782793209876544,5.252700617283951,70.10416666666667,55.152391975308646,4.660493827160494,1.566358024691358
